id,city,line_o,station_o,line_d,station_d,line1,line2,line3,line4,line5,line6,transfer1,transfer2,transfer3,transfer4,transfer5,HH1,MM1,SS1,HH2,MM2,SS2,d_time,nroutes,choice,age
1,bj,LINE 4,ZHONGGUANCUN,LINE 4,PEKING UNIVERSITY EAST GATE,LINE 4,,,,,,,,,,,17,5,45,17,10,48,303,1,1,2
2,bj,LINE 4,PEKING UNIVERSITY EAST GATE,LINE 10,HAIDIANHUANGZHUANG,LINE 4,,,,,,,,,,,11,53,7,12,4,22,675,1,1,2
3,bj,LINE 4,HAIDIANHUANGZHUANG,LINE 2,XIZHIMEN,LINE 4,,,,,,,,,,,14,17,15,14,34,7,1012,1,1,2
4,bj,LINE 9,BEIJING WEST RAILWAY STATION,LINE 4,ZHONGGUANCUN,LINE 9,LINE 4,,,,,NATIONAL LIBRARY,,,,,10,1,52,10,28,46,1614,2,3,2
5,bj,LINE 9,BEIJING WEST RAILWAY STATION,LINE 1 (BATONG LINE),YUQUAN LU,LINE 9,LINE 1 (BATONG LINE),,,,,MILITARY MUSEUM,,,,,8,46,36,9,14,17,1661,2,3,2
6,bj,LINE 4,YIHEZHUANG,LINE 4,XIZHIMEN,LINE 4,,,,,,,,,,,14,47,39,15,50,6,3747,1,3,2
7,bj,LINE 4,XIZHIMEN,LINE 4,YIHEZHUANG,LINE 4,,,,,,,,,,,9,3,16,9,58,57,3341,1,3,2
8,bj,LINE 4,HUANGCUN RAILWAY STATION,LINE 4,XIZHIMEN,LINE 4,,,,,,,,,,,14,52,51,15,48,48,3357,1,2,2
9,bj,LINE 4,XIZHIMEN,LINE 4,XIHONGMEN,LINE 4,,,,,,,,,,,8,51,15,9,35,57,2682,1,2,2
10,bj,LINE 13,HUILONGGUAN,LINE 13,QINGHE RAILWAY STATION,LINE 13,,,,,,,,,,,19,35,4,19,47,52,768,1,2,3
11,bj,LINE 6,YANGZHUANG,LINE 15,LIUDAOKOU,LINE 6,LINE 8,LINE 15,,,,NANLUOGU XIANG,OLYMPIC PARK,,,,21,34,42,22,45,1,4219,3,2,3
12,bj,CHANGPING LINE,QINGHE RAILWAY STATION,CHANGPING LINE,SHAHE,CHANGPING LINE,,,,,,,,,,,11,8,27,11,29,25,1258,1,3,3
13,bj,CHANGPING LINE,CHANGPING,CHANGPING LINE,QINGHE RAILWAY STATION,CHANGPING LINE,,,,,,,,,,,8,13,13,8,59,19,2766,1,3,3
14,bj,LINE 16,NONGDA NANLU,LINE 9,BEIJING WEST RAILWAY STATION,LINE 16,LINE 9,,,,,NATIONAL LIBRARY,,,,,16,33,24,17,13,52,2428,2,2,3
15,bj,LINE 9,BEIJING WEST RAILWAY STATION,LINE 1 (BATONG LINE),TIAN'ANMENDONG,LINE 9,LINE 1 (BATONG LINE),,,,,MILITARY MUSEUM,,,,,9,7,12,9,48,36,2484,2,2,6
16,bj,LINE 7,ZHUSHIKOU,LINE 9,BEIJING WEST RAILWAY STATION,LINE 7,LINE 9,,,,,BEIJING WEST RAILWAY STATION,,,,,17,10,20,17,30,55,1235,2,2,7
17,bj,LINE 14,CHAOYANG PARK,LINE 14,FUTONG,LINE 14,,,,,,,,,,,18,2,0,18,23,0,1260,1,1,3
18,bj,LINE 5,TIANTONGYUAN NORTH,LINE 5,BEIXINQIAO,LINE 5,,,,,,,,,,,7,33,8,8,5,55,1967,1,1,4
19,bj,LINE 4,PING'ANLI,LINE 4,PEKING UNIVERSITY EAST GATE,LINE 4,,,,,,,,,,,14,16,18,14,44,10,1672,1,3,2
20,bj,LINE 4,PEKING UNIVERSITY EAST GATE,LINE 10,CHANGCHUNQIAO,LINE 4,LINE 10,,,,,HAIDIANHUANGZHUANG,,,,,17,13,44,17,37,13,1409,2,1,2
21,bj,LINE 9,BEIJING WEST RAILWAY STATION,LINE 10,CHANGCHUNQIAO,LINE 9,LINE 10,,,,,LIULIQIAO,,,,,19,1,33,19,38,26,2213,2,3,2
22,bj,LINE 6,DONGDAQIAO,LINE 6,QINGNIAN LU,LINE 6,,,,,,,,,,,17,37,45,17,52,40,895,2,3,5
23,bj,LINE 4,PEKING UNIVERSITY EAST GATE,LINE 9,BEIJING WEST RAILWAY STATION,LINE 4,LINE 9,,,,,NATIONAL LIBRARY,,,,,8,19,4,8,50,18,1874,2,1,2
24,bj,LINE 4,GAOMIDIANBEI,LINE 16,SUZHOUQIAO,LINE 4,LINE 16,,,,,NATIONAL LIBRARY,,,,,7,42,21,8,41,37,3556,2,2,3
25,bj,LINE 8,WANGFUJING,LINE 10,CHANGCHUNQIAO,LINE 8,LINE 10,,,,,BEITUCHENG,,,,,19,50,10,20,31,14,2464,2,3,2
26,bj,LINE 8,HUOJIAN WANYUAN,LINE 2,LAMA TEMPLE,LINE 8,LINE 2,,,,,GULOUDAJIE,,,,,7,57,0,8,48,0,3060,3,1,3
27,bj,LINE 4,PEKING UNIVERSITY EAST GATE,LINE 4,BEIGONGMEN,LINE 4,,,,,,,,,,,10,53,43,11,5,6,683,1,2,2
28,bj,LINE 4,GAOMIDIANBEI,LINE 16,SUZHOUQIAO,LINE 4,LINE 16,,,,,NATIONAL LIBRARY,,,,,8,41,37,8,43,8,91,2,2,3
29,bj,LINE 5,TIANTONGYUAN NORTH,CHANGPING LINE,XI'ERQI,LINE 5,LINE 13,,,,,LISHUIQIAO,,,,,7,22,7,7,47,52,1545,2,1,4
30,bj,LINE 13,XI'ERQI,LINE 5,TIANTONGYUAN NORTH,LINE 13,LINE 5,,,,,LISHUIQIAO,,,,,18,51,6,19,19,59,1733,2,1,4
31,bj,LINE 5,TIANTONGYUAN NORTH,CHANGPING LINE,XI'ERQI,LINE 5,LINE 13,,,,,LISHUIQIAO,,,,,7,21,48,7,46,33,1485,2,1,4
32,bj,LINE 13,XI'ERQI,LINE 5,TIANTONGYUAN NORTH,LINE 13,LINE 5,,,,,LISHUIQIAO,,,,,18,59,13,19,28,50,1777,2,1,4
33,bj,LINE 5,TIANTONGYUAN NORTH,CHANGPING LINE,XI'ERQI,LINE 5,LINE 13,,,,,LISHUIQIAO,,,,,7,22,22,7,52,52,1830,2,1,4
34,bj,LINE 1 (BATONG LINE),TONGZHOU BEIYUAN,LINE 1 (BATONG LINE),DAWANG LU,LINE 1 (BATONG LINE),,,,,,,,,,,7,40,0,8,7,0,1620,1,1,2
35,bj,LINE 5,TIANTONGYUAN NORTH,LINE 13,HUOYING,LINE 5,LINE 13,,,,,LISHUIQIAO,,,,,7,31,2,7,52,51,1309,2,2,3
36,bj,LINE 8,HUILONGGUAN DONGDAJIE,LINE 8,JINYU HUTONG,LINE 8,,,,,,,,,,,12,33,37,13,18,57,2720,1,2,3
37,bj,CHANGPING LINE,XI'ERQI,LINE 5,TIANTONGYUAN NORTH,LINE 13,LINE 5,,,,,LISHUIQIAO,,,,,19,10,50,19,41,0,1810,2,1,4
38,bj,LINE 5,TIANTONGYUAN NORTH,LINE 13,XI'ERQI,LINE 5,LINE 13,,,,,LISHUIQIAO,,,,,7,24,44,7,52,14,1650,2,1,4
39,bj,LINE 13,HUOYING,LINE 5,TIANTONGYUAN NORTH,LINE 13,LINE 5,,,,,LISHUIQIAO,,,,,21,25,20,21,50,46,1526,2,1,3
40,bj,LINE 5,DENGSHIKOU,LINE 5,TIANTONGYUAN NORTH,LINE 5,,,,,,,,,,,10,53,25,11,31,25,2280,1,1,4
41,bj,LINE 4,PEKING UNIVERSITY EAST GATE,LINE 10,CAOQIAO,LINE 4,LINE 10,LINE 19,,,,HAIDIANHUANGZHUANG,MUDANYUAN,,,,9,27,0,10,12,0,2700,4,2,3
42,bj,LINE 10,CAOQIAO,LINE 10,HAIDIANHUANGZHUANG,LINE 10,,,,,,,,,,,14,46,0,15,37,0,3060,1,2,3
43,bj,LINE 4,PEKING UNIVERSITY EAST GATE,LINE 15,WANGJINGDONG,LINE 4,LINE 10,LINE 5,LINE 15,,,HAIDIANHUANGZHUANG,HUIXIN XIJIE NANKOU,DATUNLUDONG,,,8,53,10,9,53,15,3605,4,2,2
44,bj,LINE 4,PEKING UNIVERSITY EAST GATE,LINE 9,BEIJING WEST RAILWAY STATION,LINE 4,LINE 9,,,,,NATIONAL LIBRARY,,,,,6,42,43,7,12,42,1799,2,1,2
45,bj,LINE 1 (BATONG LINE),GUOYUAN,LINE 10,SONGJIAZHUANG,LINE 1 (BATONG LINE),LINE 10,,,,,GUOMAO,,,,,20,16,15,21,7,25,3070,2,2,2
46,bj,LINE 1 (BATONG LINE),UNIVERSAL RESORT,LINE 1 (BATONG LINE),GUOYUAN,LINE 1 (BATONG LINE),,,,,,,,,,,19,29,39,19,47,22,1063,1,3,2
47,bj,LINE 5,CHONGWENMEN,LINE 4,MAJIAPU,LINE 2,LINE 4,,,,,XUANWUMEN,,,,,20,43,27,21,11,4,1657,3,3,2
48,bj,LINE 5,SONGJIAZHUANG,LINE 4,XINGONG,LINE 10,LINE 4,,,,,JIAOMEN WEST,,,,,11,57,32,12,19,26,1314,2,2,2
49,bj,LINE 4,ZHONGGUANCUN,LINE 5,SONGJIAZHUANG,LINE 4,LINE 10,,,,,JIAOMEN WEST,,,,,22,7,50,23,33,18,5128,2,2,2
50,bj,LINE 13,WUDAOKOU,LINE 4,ZHONGGUANCUN,LINE 13,LINE 10,LINE 4,,,,ZHICHUNLU,HAIDIANHUANGZHUANG,,,,21,29,46,21,59,31,1785,3,1,2
51,bj,LINE 10,HAIDIANHUANGZHUANG,LINE 13,WUDAOKOU,LINE 10,LINE 13,,,,,ZHICHUNLU,,,,,19,56,31,20,17,52,1281,2,1,2
52,bj,LINE 10,JINGSONG,LINE 4,HAIDIANHUANGZHUANG,LINE 10,LINE 4,,,,,HAIDIANHUANGZHUANG,,,,,19,3,3,19,56,41,3218,2,2,2
53,bj,LINE 4,MAJIAPU,LINE 5,CHONGWENMEN,LINE 4,LINE 2,,,,,XUANWUMEN,,,,,14,26,22,14,57,0,1838,2,2,2
54,bj,LINE 1 (BATONG LINE),GUOYUAN,LINE 7,UNIVERSAL RESORT,LINE 1 (BATONG LINE),,,,,,,,,,,9,27,26,9,47,51,1225,2,2,2
55,bj,LINE 1 (BATONG LINE),GUOMAO,LINE 1 (BATONG LINE),GUOYUAN,LINE 1 (BATONG LINE),,,,,,,,,,,16,5,34,16,39,41,2047,1,2,2
56,bj,LINE 1 (BATONG LINE),DONGDAN,LINE 1 (BATONG LINE),GUOMAO,LINE 1 (BATONG LINE),,,,,,,,,,,15,5,45,15,14,54,549,1,2,2
57,bj,LINE 5,SONGJIAZHUANG,LINE 4,ZHONGGUANCUN,LINE 10,LINE 4,,,,,JIAOMEN WEST,,,,,6,14,1,7,14,10,3609,2,2,3
58,bj,LINE 1 (BATONG LINE),XIDAN,LINE 14,DONGFENG BEIQIAO,LINE 1 (BATONG LINE),LINE 14,,,,,DAWANG LU,,,,,19,33,0,20,11,0,2280,2,1,4
59,bj,LINE 13,LONGZE,LINE 15,HOUSHAYU,LINE 13,LINE 15,,,,,WANGJINGXI,,,,,17,0,23,18,0,1,3578,2,3,3
60,bj,LINE 13,ZHICHUNLU,LINE 13,LONGZE,LINE 13,,,,,,,,,,,12,14,0,12,41,0,1620,1,1,6
61,bj,CHANGPING LINE,ZHUXINZHUANG,LINE 13,DAZHONGSI,CHANGPING LINE,LINE 13,,,,,QINGHE RAILWAY STATION,,,,,9,9,0,9,41,0,1920,3,3,7
62,bj,LINE 4,TAORANTING,LINE 1 (BATONG LINE),WUKESONG,LINE 4,LINE 1 (BATONG LINE),,,,,XIDAN,,,,,7,28,0,7,58,0,1800,2,1,5
63,bj,LINE 14,DONGFENG BEIQIAO,LINE 14,JIULONGSHAN,LINE 14,,,,,,,,,,,18,13,5,18,30,51,1066,1,3,6
64,bj,DAXING AIRPORT EXPRESS,DAXING AIRPORT,LINE 14,JINGTAI,DAXING AIRPORT EXPRESS,LINE 10,LINE 4,LINE 14,,,CAOQIAO,JIAOMEN WEST,BEIJING SOUTH RAILWAY STATION,,,22,18,6,23,12,15,3249,4,2,3
65,bj,LINE 14,JINGTAI,LINE 8,TIANQIAO,LINE 14,LINE 8,,,,,YONGDINGMENWAI,,,,,11,51,15,11,59,25,490,2,2,3
66,bj,LINE 5,TEMPLE OF HEAVEN EAST GATE,LINE 5,PUHUANGYU,LINE 5,,,,,,,,,,,17,22,5,17,28,43,398,1,1,3
67,bj,LINE 14,JINGTAI,LINE 1 (BATONG LINE),TIAN'ANMENDONG,LINE 14,LINE 8,LINE 1 (BATONG LINE),,,,YONGDINGMENWAI,WANGFUJING,,,,11,43,2,12,7,22,1460,3,3,3
68,bj,LINE 1 (BATONG LINE),WANGFUJING,LINE 4,XINGONG,LINE 1 (BATONG LINE),LINE 4,,,,,XIDAN,,,,,18,35,10,19,4,51,1781,2,2,3
69,bj,LINE 19,XINGONG,LINE 10,SUZHOU JIE,LINE 19,LINE 10,,,,,MUDANYUAN,,,,,11,5,30,11,48,21,2571,2,2,3
70,bj,LINE 10,SUZHOU JIE,LINE 4,BEIGONGMEN,LINE 10,LINE 4,,,,,HAIDIANHUANGZHUANG,,,,,13,45,22,14,6,41,1279,2,2,3
71,bj,LINE 4,BEIGONGMEN,LINE 6,NANLUOGU XIANG,LINE 4,LINE 6,,,,,PING'ANLI,,,,,17,22,31,18,16,44,3253,2,2,3
72,bj,LINE 6,NANLUOGU XIANG,LINE 4,XINGONG,LINE 6,LINE 4,,,,,PING'ANLI,,,,,21,30,32,22,4,25,2033,2,2,3
73,bj,LINE 19,XINGONG,LINE 8,HUOYING,LINE 19,LINE 10,LINE 8,,,,MUDANYUAN,BEITUCHENG,,,,10,42,56,11,36,42,3226,3,3,3
74,bj,LINE 19,JISHUITAN,LINE 19,XINGONG,LINE 19,,,,,,,,,,,18,42,6,19,5,2,1376,1,1,3
75,bj,LINE 4,XINGONG,LINE 4,BEIJING SOUTH RAILWAY STATION,LINE 4,,,,,,,,,,,8,26,57,8,42,13,916,1,1,3
76,bj,LINE 10,SONGJIAZHUANG,LINE 4,XINGONG,LINE 10,LINE 4,,,,,JIAOMEN WEST,,,,,11,57,41,12,19,29,1308,2,3,3
77,bj,LINE 4,XINGONG,LINE 1 (BATONG LINE),JIANGUOMEN,LINE 4,LINE 1 (BATONG LINE),,,,,XIDAN,,,,,14,50,55,16,24,2,5587,2,3,3
78,bj,LINE 2,BEIJING RAILWAY STATION,LINE 4,MAJIAPU,LINE 2,LINE 4,,,,,XUANWUMEN,,,,,12,15,37,12,46,59,1882,2,3,3
79,bj,LINE 4,MAJIAPU,LINE 2,CHONGWENMEN,LINE 4,LINE 2,,,,,XUANWUMEN,,,,,14,26,38,14,56,59,1821,2,3,3
80,bj,LINE 2,CHONGWENMEN,LINE 4,MAJIAPU,LINE 2,LINE 4,,,,,XUANWUMEN,,,,,20,43,28,21,11,5,1657,2,3,3
81,bj,LINE 4,MAJIAPU,LINE 5,DONGDAN,LINE 4,LINE 1 (BATONG LINE),,,,,XIDAN,,,,,12,41,53,13,42,40,3647,2,3,3
82,bj,LINE 1 (BATONG LINE),DONGDAN,LINE 1 (BATONG LINE),GUOMAO,LINE 1 (BATONG LINE),,,,,,,,,,,15,6,2,15,14,51,529,1,1,3
83,bj,LINE 1 (BATONG LINE),GUOMAO,LINE 1 (BATONG LINE),GUOYUAN,LINE 1 (BATONG LINE),,,,,,,,,,,16,5,48,16,39,43,2035,1,3,3
84,bj,LINE 1 (BATONG LINE),UNIVERSAL RESORT,LINE 1 (BATONG LINE),GUOYUAN,LINE 1 (BATONG LINE),,,,,,,,,,,19,29,52,19,47,22,1050,1,1,3
85,bj,LINE 1 (BATONG LINE),GUOYUAN,LINE 10,SONGJIAZHUANG,LINE 1 (BATONG LINE),LINE 10,,,,,GUOMAO,,,,,20,16,10,21,7,17,3067,2,3,3
86,bj,LINE 10,SONGJIAZHUANG,DAXING AIRPORT EXPRESS,DAXING AIRPORT,LINE 10,DAXING AIRPORT EXPRESS,,,,,CAOQIAO,,,,,6,13,59,6,59,54,2755,2,2,3
87,bj,LINE 7,BEIJING WEST RAILWAY STATION,LINE 5,TIANTONGYUAN NORTH,LINE 7,LINE 5,,,,,CIQIKOU,,,,,12,57,0,14,14,0,4620,2,1,6
88,bj,LINE 4,BEIJING SOUTH RAILWAY STATION,LINE 13,LONGZE,LINE 4,LINE 13,,,,,XIZHIMEN,,,,,17,43,0,18,46,0,3780,2,1,6
89,bj,LINE 7,BEIJING WEST RAILWAY STATION,LINE 5,TIANTONGYUAN NORTH,LINE 7,LINE 5,,,,,CIQIKOU,,,,,12,55,5,14,3,8,4083,2,2,6
90,bj,LINE 5,TIANTONGYUAN SOUTH,LINE 7,BEIJING WEST RAILWAY STATION,LINE 5,LINE 7,,,,,CIQIKOU,,,,,11,7,0,12,20,0,4380,2,2,6
91,bj,LINE 5,TIANTONGYUAN NORTH,LINE 1 (BATONG LINE),TIAN'ANMENXI,LINE 5,LINE 1 (BATONG LINE),,,,,DONGDAN,,,,,13,55,0,14,51,0,3360,2,3,6
92,bj,LINE 1 (BATONG LINE),TIAN'ANMENDONG,LINE 5,TIANTONGYUAN NORTH,LINE 1 (BATONG LINE),LINE 5,,,,,DONGDAN,,,,,16,17,0,17,12,0,3300,2,3,6
93,bj,CHANGPING LINE,ZHUXINZHUANG,LINE 13,DAZHONGSI,CHANGPING LINE,LINE 13,,,,,XI'ERQI,,,,,9,9,0,9,41,0,1920,2,3,7
94,bj,LINE 7,BEIJING WEST RAILWAY STATION,LINE 7,DAGUANYING,LINE 7,,,,,,,,,,,12,33,4,12,41,40,516,1,1,5
95,bj,LINE 7,DAGUANYING,LINE 7,BEIJING WEST RAILWAY STATION,LINE 7,,,,,,,,,,,10,47,1,10,54,57,476,1,1,5
96,bj,AIRPORT EXPRESS,SANYUANQIAO,AIRPORT EXPRESS,TERMINAL 2,AIRPORT EXPRESS,,,,,,,,,,,9,12,0,9,39,0,1620,1,3,5
97,bj,LINE 7,GUANGQUMENWAI,AIRPORT EXPRESS,SANYUANQIAO,LINE 7,LINE 10,,,,,SHUANGJING,,,,,8,47,0,9,11,0,1440,2,1,5
98,bj,LINE 8,NANLUOGU XIANG,LINE 7,GUANGQUMENWAI,LINE 8,LINE 7,,,,,ZHUSHIKOU,,,,,18,40,0,19,29,0,2940,2,1,5
99,bj,LINE 2,DONGZHIMEN,LINE 2,ANDINGMEN,LINE 2,,,,,,,,,,,20,49,0,20,59,0,600,1,1,5
100,bj,LINE 9,BEIJING WEST RAILWAY STATION,CHANGPING LINE,CHANGPING DONGGUAN,LINE 9,LINE 4,LINE 13,CHANGPING LINE,,,NATIONAL LIBRARY,XIZHIMEN,QINGHE RAILWAY STATION,,,14,55,0,16,35,0,6000,4,3,5
101,bj,CHANGPING LINE,SHAHE,LINE 13,WUDAOKOU,CHANGPING LINE,LINE 13,,,,,XI'ERQI,,,,,10,55,0,11,30,0,2100,2,1,2
102,bj,LINE 13,WUDAOKOU,CHANGPING LINE,SHAHE,LINE 13,CHANGPING LINE,,,,,QINGHE RAILWAY STATION,,,,,21,40,0,22,20,0,2400,2,1,2
103,bj,LINE 4,LINGJING HUTONG,LINE 4,PEKING UNIVERSITY EAST GATE,LINE 4,,,,,,,,,,,14,33,0,15,2,0,1740,1,1,3
104,bj,AIRPORT EXPRESS,SANYUANQIAO,AIRPORT EXPRESS,TERMINAL 3,AIRPORT EXPRESS,,,,,,,,,,,10,3,0,10,26,0,1380,1,1,3
105,bj,LINE 9,BEIJING WEST RAILWAY STATION,LINE 4,YUANMINGYUAN PARK,LINE 9,LINE 4,,,,,NATIONAL LIBRARY,,,,,7,47,0,8,16,0,1740,2,1,3
106,bj,LINE 4,YUANMINGYUAN PARK,AIRPORT EXPRESS,SANYUANQIAO,LINE 4,LINE 10,,,,,HAIDIANHUANGZHUANG,,,,,9,26,0,10,2,0,2160,2,1,3
107,bj,CHANGPING LINE,SHAHE,LINE 7,JIULONGSHAN,CHANGPING LINE,LINE 8,LINE 7,,,,ZHUXINZHUANG,ZHUSHIKOU,,,,8,55,0,10,31,0,5760,3,2,2
108,bj,LINE 7,JIULONGSHAN,LINE 13,WUDAOKOU,LINE 7,LINE 10,LINE 13,,,,SHUANGJING,ZHICHUNLU,,,,11,49,0,12,51,0,3720,3,2,2
109,bj,LINE 10,CHANGCHUNQIAO,LINE 1 (BATONG LINE),BAJIAO YOULEYUAN,LINE 10,LINE 1 (BATONG LINE),,,,,GONGZHUFEN,,,,,15,35,48,16,6,32,1844,2,3,5
110,bj,LINE 6,JIN'ANQIAO,LINE 1 (BATONG LINE),TIAN'ANMENXI,LINE 6,LINE 2,LINE 1 (BATONG LINE),,,,CHEGONGZHUANG,FUXINGMEN,,,,12,20,11,13,12,41,3150,3,3,5
111,bj,LINE 6,JIN'ANQIAO,LINE 10,LIANGMAQIAO,LINE 6,LINE 10,,,,,HUJIALOU,,,,,10,22,3,11,19,22,3439,2,3,4
112,bj,LINE 6,JIN'ANQIAO,LINE 8,BEITUCHENG,LINE 6,LINE 8,,,,,NANLUOGU XIANG,,,,,12,46,56,13,59,28,4352,2,3,5
113,bj,LINE 10,ANZHENMEN,LINE 6,JIN'ANQIAO,LINE 10,LINE 6,,,,,CISHOUSI,,,,,17,10,15,18,9,49,3574,2,3,7
114,bj,LINE 6,JIN'ANQIAO,LINE 8,NATIONAL ART MUSEUM,LINE 6,LINE 8,,,,,NANLUOGU XIANG,,,,,9,44,43,10,30,29,2746,2,3,4
115,bj,LINE 14,DONGFENG BEIQIAO,LINE 14,JIULONGSHAN,LINE 14,-3,-3,,,,,,,,,17,55,30,18,16,1,1231,1,2,6
116,bj,LINE 14,DONGFENG BEIQIAO,LINE 14,JIULONGSHAN,LINE 14,-3,-3,,,,,,,,,17,22,17,17,42,24,1207,1,2,6
117,bj,LINE 14,DONGFENG BEIQIAO,LINE 7,SHUANGJING,LINE 14,LINE 7,,,,,JIULONGSHAN,,,,,17,25,30,17,51,13,1543,3,2,6
118,bj,LINE 4,PEKING UNIVERSITY EAST GATE,LINE 9,BEIJING WEST RAILWAY STATION,LINE 4,LINE 9,-3,,,,NATIONAL LIBRARY,,,,,9,13,5,10,3,6,3001,2,1,2
119,bj,LINE 11,SHOUGANG PARK,LINE 2,XIZHIMEN,LINE 11,LINE 6,LINE 2,,,,JIN'ANQIAO,CHEGONGZHUANG,,,,16,34,0,17,25,0,3060,3,3,4
120,bj,LINE 6,XIHUANGCUN,LINE 14,LAIGUANGYING,LINE 6,LINE 14,-3,,,,JINTAI LU,,,,,6,52,41,8,1,24,4123,2,3,3
121,bj,LINE 4,PEKING UNIVERSITY EAST GATE,LINE 10,CHANGCHUNQIAO,LINE 4,LINE 10,-3,,,,HAIDIANHUANGZHUANG,,,,,21,33,7,21,54,0,1253,2,3,2
122,bj,DAXING AIRPORT EXPRESS,DAXING AIRPORT,DAXING AIRPORT EXPRESS,CAOQIAO,DAXING AIRPORT EXPRESS,,,,,,,,,,,17,49,20,18,16,41,1641,1,3,2
123,bj,LINE 4,PEKING UNIVERSITY EAST GATE,LINE 13,DAZHONGSI,LINE 4,LINE 10,LINE 13,-3,,,HAIDIANHUANGZHUANG,ZHICHUNLU,,,,20,0,0,20,24,0,1440,3,2,2
124,bj,LINE 10,SHILIHE,LINE 9,FENGTAI KEJIYUAN,LINE 10,FANGSHAN LINE,LINE 9,-3,,,CAPITAL UNIVERSITY OF ECONOMICS & BUSINESS,GUOGONGZHUANG,,,,8,15,11,8,57,20,2529,3,3,3
125,bj,LINE 8,SHENSHAHAI,LINE 16,WENYANG LU,LINE 8,LINE 10,LINE 4,LINE 16,,,BEITUCHENG,HAIDIANHUANGZHUANG,XIYUAN,,,21,2,0,22,26,0,5040,4,3,3
126,sh,LINE 3,HONGKOU FOOTBALL STADIUM,LINE 3,WEST YINGAO ROAD,LINE 3,,,,,,,,,,,21,5,34,21,21,51,977,1,2,4
127,sh,LINE 6,BOXING ROAD,LINE 6,CENTURY AVENUE,LINE 6,,,,,,,,,,,11,26,24,11,46,50,1226,1,3,3
128,sh,LINE 10A,SHANGHAI LIBRARY,LINE 10A,TONGJI UNIVERSITY,LINE 10A,,,,,,,,,,,15,8,28,15,35,39,1631,2,3,2
129,sh,LINE 15,LOUSHANGUAN ROAD,LINE 2,HONGQIAO RAILWAY STATION,LINE 15,LINE 2,,,,,LOUSHANGUAN ROAD,,,,,10,46,55,11,10,46,1431,2,3,3
130,sh,LINE 2,WEST NANJING ROAD,LINE 10A,TONGJI UNIVERSITY,LINE 2,LINE 10A,,,,,EAST NANJING ROAD,,,,,19,15,46,19,50,25,2079,2,2,3
131,sh,LINE 10A,GUOFAN ROAD,LINE 10A,TONGJI UNIVERSITY,LINE 10A,,,,,,,,,,,17,39,54,17,58,30,1116,1,3,2
132,sh,LINE 4,SHANGHAI INDOOR STADIUM,LINE 8,LUJIABANG ROAD,LINE 4,LINE 8,,,,,SOUTH XIZANG ROAD,,,,,14,34,9,14,56,7,1318,2,1,4
133,sh,LINE 1,JINJIANG PARK,LINE 1,SHANGHAI INDOOR STADIUM,LINE 1,,,,,,,,,,,13,49,34,14,2,47,793,1,1,4
134,sh,LINE 2,WEST NANJING ROAD,LINE 12,GUDAI ROAD,LINE 12,,,,,,,,,,,13,47,57,14,23,53,2156,1,1,4
135,sh,LINE 15,GUILIN PARK,LINE 15,WEST MEILING ROAD,LINE 15,,,,,,,,,,,9,50,14,10,15,27,1513,1,1,4
136,sh,LINE 8,JIANGPU ROAD,LINE 10A,TONGJI UNIVERSITY,LINE 8,LINE 10A,,,,,SIPING ROAD,,,,,21,17,28,22,18,49,3681,2,2,2
137,sh,LINE 14,WUNING ROAD,LINE 10A,TONGJI UNIVERSITY,LINE 14,LINE 10A,,,,,YUYUAN GARDEN,,,,,16,54,52,17,30,18,2126,2,3,2
138,sh,LINE 13,MIDDLE HUAIHAI ROAD,LINE 6,BOXING ROAD,LINE 13,LINE 9,LINE 6,,,,MADANG ROAD,CENTURY AVENUE,,,,15,28,53,16,15,54,2821,3,3,3
139,sh,LINE 10A,TIANTONG ROAD,LINE 10A,THE FIRST CPC NATIONAL CONGRESS·XINTIANDI,LINE 10A,-3,-3,,,,,,,,,14,20,40,14,33,30,770,1,3,4
140,sh,LINE 13,MIDDLE HUAIHAI ROAD,LINE 9,JINQIAO,LINE 13,LINE 9,-3,,,,MADANG ROAD,,,,,21,51,47,22,36,2,2655,2,3,4
141,sh,LINE 6,BOXING ROAD,LINE 10A,TIANTONG ROAD,LINE 6,LINE 12,,,,,JUFENG ROAD,,,,,13,30,42,14,10,55,2413,2,3,4
142,sh,LINE 10A,TONGJI UNIVERSITY,LINE 2,JIANGSU ROAD,LINE 10A,LINE 2,-3,,,,EAST NANJING ROAD,,,,,10,42,47,11,21,36,2329,2,3,2
143,sh,LINE 18,FUSHUN ROAD,LINE 2,PUDONG INTERNATIONAL AIRPORT,LINE 18,LINE 2,-3,,,,LONGYANG ROAD,,,,,6,3,13,7,21,18,4685,2,3,2
144,sh,LINE 2,PUDONG INTERNATIONAL AIRPORT,LINE 10A,TONGJI UNIVERSITY,LINE 2,LINE 10A,-3,,,,EAST NANJING ROAD,,,,,12,25,59,13,50,27,5068,2,3,2
145,sh,LINE 15,YONGDE ROAD,LINE 15,LOUSHANGUAN ROAD,LINE 15,-3,-3,,,,,,,,,9,52,57,10,35,14,2537,1,3,3
146,sh,LINE 3,DABAI ROAD,LINE 15,YONGDE ROAD,LINE 3,LINE 15,-3,,,,SHANGHAI SOUTH RAILWAY STATION,,,,,20,36,1,21,57,22,4881,2,3,3
147,sh,LINE 1,SHANGHAI RAILWAY STATION,LINE 15,YONGDE ROAD,LINE 1,LINE 15,-3,,,,SHANGHAI SOUTH RAILWAY STATION,,,,,7,34,10,8,35,34,3684,2,3,3
148,sh,LINE 15,YONGDE ROAD,LINE 3,DABAI ROAD,LINE 15,LINE 3,-3,,,,SHANGHAI SOUTH RAILWAY STATION,,,,,17,40,54,19,20,18,5964,2,3,3
149,sh,LINE 12,HANZHONG ROAD,LINE 12,JIANGPU PARK,LINE 12,-3,-3,,,,,,,,,15,54,37,16,14,2,1165,1,1,2
150,sh,LINE 10A,SHUANGJIANG ROAD,LINE 10A,TONGJI UNIVERSITY,LINE 10A,-3,-3,,,,,,,,,8,23,21,8,47,33,1452,1,1,6
151,sh,LINE 10A,TONGJI UNIVERSITY,LINE 10A,SHUANGJIANG ROAD,LINE 10A,-3,-3,,,,,,,,,17,42,8,18,8,50,1602,1,1,4
152,sh,LINE 1,XINZHUANG,LINE 8,JIANGPU ROAD,LINE 1,LINE 8,-3,,,,PEOPLE'S SQUARE,,,,,6,50,13,7,45,49,3336,2,3,4
153,sh,LINE 8,JIANGPU ROAD,LINE 1,XINZHUANG,LINE 8,LINE 1,,,,,PEOPLE'S SQUARE,,,,,17,37,21,18,30,16,3175,3,3,4
154,sh,LINE 1,XINZHUANG,LINE 15,GUILIN PARK,LINE 1,LINE 15,-3,,,,SHANGHAI SOUTH RAILWAY STATION,,,,,7,58,30,8,26,36,1686,2,3,5
155,sh,LINE 15,GUILIN PARK,LINE 1,XINZHUANG,LINE 15,LINE 1,-3,,,,SHANGHAI SOUTH RAILWAY STATION,,,,,15,59,32,16,28,38,1746,2,3,5
156,sh,LINE 10A,HAILUN ROAD,LINE 8,JIANGPU ROAD,LINE 10A,LINE 8,-3,,,,SIPING ROAD,,,,,14,58,0,15,14,0,960,2,3,4
157,sh,LINE 4,NANPU BRIDGE,LINE 1,XINZHUANG,LINE 4,LINE 1,-3,,,,SHANGHAI INDOOR STADIUM,,,,,17,54,0,18,31,0,2220,2,3,4
158,sh,LINE 12,WEST NANJING ROAD,LINE 8,HONGKOU FOOTBALL STADIUM,LINE 12,LINE 8,-3,,,,QUFU ROAD,,,,,17,15,4,17,34,38,1174,2,3,4
159,sh,LINE 8,HONGKOU FOOTBALL STADIUM,LINE 12,WEST NANJING ROAD,LINE 8,LINE 12,-3,,,,QUFU ROAD,,,,,8,40,4,8,58,43,1119,2,3,4
160,sh,LINE 7,CHANGQING ROAD,LINE 4,DONG'AN ROAD,LINE 7,LINE 4,-3,,,,DONG'AN ROAD,,,,,17,1,55,17,30,38,1723,2,3,2
161,sh,LINE 3,WEST YINGAO ROAD,LINE 3,WEST YANAN ROAD,LINE 3,-3,-3,,,,,,,,,10,2,13,10,40,34,2301,1,1,2
162,sh,LINE 3,WEST YANAN ROAD,LINE 3,WEST YINGAO ROAD,LINE 3,-3,-3,,,,,,,,,8,7,34,8,46,40,2346,1,1,2
163,sh,LINE 9,CAOHEJING HI-TECH PARK,LINE 9,JIUTING,LINE 9,-3,-3,,,,,,,,,20,18,7,20,34,7,960,1,1,2
164,sh,LINE 9,GUILIN ROAD,LINE 9,JIUTING,LINE 9,-3,-3,,,,,,,,,17,40,34,17,59,31,1137,1,1,2
165,sh,LINE 9,JIUTING,LINE 9,GUILIN ROAD,LINE 9,-3,-3,,,,,,,,,12,40,44,13,0,35,1191,1,3,2
166,sh,LINE 9,JIUTING,LINE 9,SHANGCHENG ROAD,LINE 9,-3,-3,,,,,,,,,15,9,53,15,55,16,2723,1,1,2
167,sh,LINE 9,JIUTING,LINE 9,CAOHEJING HI-TECH PARK,LINE 9,-3,-3,,,,,,,,,18,41,6,19,0,5,1139,1,1,2
168,sh,LINE 12,CAOBAO ROAD,LINE 12,GUILIN PARK,LINE 12,-3,-3,,,,,,,,,21,1,30,21,7,31,361,1,1,2
169,sh,LINE 12,GUILIN PARK,LINE 12,CAOBAO ROAD,LINE 12,-3,-3,,,,,,,,,18,32,9,18,38,1,352,1,1,2
170,sh,LINE 10A,YUYUAN GARDEN,LINE 7,CHANGQING ROAD,LINE 10A,LINE 8,LINE 7,,,,LAOXIMEN,YAOHUA ROAD,,,,15,57,49,16,19,26,1297,3,3,2
171,sh,LINE 1,THE FIRST CPC NATIONAL CONGRESS·SOUTH HUANGPI ROAD,LINE 4,WEST YANAN ROAD,LINE 1,LINE 4,-3,,,,SHANGHAI INDOOR STADIUM,,,,,16,59,51,17,30,23,1832,2,3,2
172,sh,LINE 3,WEST YANAN ROAD,LINE 10A,YUYUAN GARDEN,LINE 3,LINE 10A,-3,,,,HONGQIAO ROAD,,,,,15,2,38,15,29,55,1637,2,2,2
173,sh,LINE 2,HONGQIAO AIRPORT TERMINAL 2,LINE 2,ZHONGSHAN PARK,LINE 2,-3,-3,,,,,,,,,9,21,37,9,44,22,1365,1,1,2
174,sh,LINE 2,LUJIAZUI,LINE 9,JIUTING,LINE 2,LINE 9,-3,,,,CENTURY AVENUE,,,,,19,28,22,20,25,11,3409,2,2,2
175,sh,LINE 12,GUILIN PARK,LINE 9,ZHAOJIABANG ROAD,LINE 12,LINE 9,-3,,,,JIASHAN ROAD,,,,,19,26,54,19,51,14,1460,2,2,2
176,sh,LINE 15,TONGCHUAN ROAD,LINE 15,LOUSHANGUAN ROAD,LINE 15,-3,-3,,,,,,,,,14,18,42,14,31,48,786,1,1,2
177,sh,LINE 2,GUANGLAN ROAD,LINE 2,LOUSHANGUAN ROAD,LINE 2,-3,-3,,,,,,,,,10,56,2,11,42,38,2796,1,1,2
178,sh,LINE 2,GUANGLAN ROAD,LINE 7,HUAMU ROAD,LINE 2,LINE 7,-3,,,,LONGYANG ROAD,,,,,13,34,38,13,54,26,1188,2,2,2
179,sh,LINE 7,YAOHUA ROAD,LINE 2,GUANGLAN ROAD,LINE 7,LINE 2,-3,,,,LONGYANG ROAD,,,,,21,56,25,22,30,58,2073,2,2,2
180,sh,LINE 2,WEST NANJING ROAD,LINE 2,GUANGLAN ROAD,LINE 2,-3,-3,,,,,,,,,22,40,41,23,17,44,2223,1,1,2
181,sh,LINE 13,ZHENBEI ROAD,LINE 12,WEST NANJING ROAD,LINE 13,LINE 12,-3,,,,HANZHONG ROAD,,,,,22,8,39,22,35,51,1632,2,3,2
182,sh,LINE 2,JINKE ROAD,LINE 2,GUANGLAN ROAD,LINE 2,-3,-3,,,,,,,,,19,25,54,19,32,59,425,1,1,2
183,sh,LINE 2,GUANGLAN ROAD,LINE 2,LOUSHANGUAN ROAD,LINE 2,-3,-3,,,,,,,,,15,16,31,16,2,12,2741,1,1,2
184,sh,LINE 15,LOUSHANGUAN ROAD,LINE 15,TONGCHUAN ROAD,LINE 15,-3,-3,,,,,,,,,16,9,33,16,25,25,952,1,1,2
185,sh,LINE 2,GUANGLAN ROAD,LINE 8,ORIENTAL SPORTS CENTER,LINE 2,LINE 7,LINE 8,,,,LONGYANG ROAD,YAOHUA ROAD,,,,10,8,45,10,53,35,2690,3,2,2
186,sh,LINE 2,GUANGLAN ROAD,LINE 15,ZIZHU HI-TECH PARK,LINE 2,LINE 9,LINE 15,,,,CENTURY AVENUE,GUILIN ROAD,,,,10,9,32,11,52,0,6148,3,2,2
187,sh,LINE 15,YONGDE ROAD,LINE 2,EAST NANJING ROAD,LINE 15,LINE 2,-3,,,,LOUSHANGUAN ROAD,,,,,15,38,27,16,54,40,4573,2,2,2
188,sh,LINE 2,LOUSHANGUAN ROAD,LINE 2,GUANGLAN ROAD,LINE 2,-3,-3,,,,,,,,,14,43,4,15,29,4,2760,1,1,2
189,sh,LINE 15,LOUSHANGUAN ROAD,LINE 15,TONGCHUAN ROAD,LINE 15,-3,-3,,,,,,,,,11,49,49,12,1,30,701,1,1,2
190,sh,LINE 18,YUQIAO,LINE 8,ANSHAN XINCUN,LINE 18,LINE 8,-3,,,,JIANGPU ROAD,,,,,19,22,37,19,59,11,2194,2,3,3
191,sh,LINE 6,ZHOUHAI ROAD,LINE 18,YUQIAO,LINE 6,LINE 18,-3,,,,MINSHENG ROAD,,,,,8,5,49,8,51,52,2763,2,3,3
192,sz,LINE 6,SCIENCE MUSEUM,LINE 6,SHENZHEN NORTH STATION,LINE 6,-3,-3,-3,,,,,,,,14,12,22,14,48,31,2169,1,3,3
193,sz,LINE 5,TANGLANG,LINE 6,GUANGMING STREET,LINE 5,LINE 6,,,,,SHENZHEN NORTH STATION,,,,,20,18,57,21,5,1,2764,1,1,3
194,sz,LINE 3,SHOPPING PARK,LINE 2 (LINE 8),JINGTIAN,LINE 3,LINE 2 (LINE 8),,,,,FUTIAN,,,,,21,43,27,21,54,9,642,3,1,3
195,sz,LINE 5,LINGZHI,LINE 5,TANGLANG,LINE 5,-3,-3,-3,,,,,,,,9,24,11,9,44,15,1204,1,1,2
196,sz,LINE 5,LINGZHI,LINE 5,MINZHI,LINE 5,-3,-3,-3,,,,,,,,10,27,52,10,54,46,1614,1,2,2
197,sz,LINE 2 (LINE 8),JINGTIAN,LINE 2 (LINE 8),WANXIA,LINE 2 (LINE 8),-3,-3,-3,,,,,,,,18,7,40,18,41,57,2057,1,1,4
198,sz,LINE 11,AIRPORT,LINE 1,ZHUZILIN,LINE 11,LINE 1,-3,-3,,,CHEGONGMIAO,,,,,12,58,31,13,43,4,2673,2,3,4
199,sz,LINE 9,LITCHI ORCHARDS,LINE 9,HIGH-TECH SOUTH,LINE 9,-3,-3,,,,,,,,,8,19,0,8,35,0,960,1,1,2
200,sz,LINE 9,LITCHI ORCHARDS,LINE 9,HIGH-TECH SOUTH,LINE 9,-3,-3,,,,,,,,,9,4,0,9,9,0,300,1,1,2
201,sz,LINE 9,HIGH-TECH SOUTH,LINE 3,CUIZHU,LINE 9,LINE 11,LINE 3,,,,HONGSHUWAN SOUTH,FUTIAN,,,,13,15,0,13,59,0,2640,3,2,2
202,sz,LINE 3,CUIZHU,LINE 9,HIGH-TECH SOUTH,LINE 3,LINE 11,LINE 9,,,,FUTIAN,HONGSHUWAN SOUTH,,,,14,39,0,15,23,0,2640,3,2,2
203,sz,LINE 1,TAOYUAN,LINE 5,SHENZHEN NORTH STATION,LINE 1,LINE 5,-3,,,,BAO'AN CENTER,,,,,9,29,0,10,51,0,4920,2,2,2
204,sz,LINE 9,RENMIN SOUTH,LINE 9,HIGH-TECH SOUTH,LINE 9,-3,-3,,,,,,,,,8,24,0,9,16,0,3120,1,2,2
205,sz,LINE 9,HIGH-TECH SOUTH,LINE 3,CUIZHU,LINE 9,LINE 11,LINE 3,,,,HONGSHUWAN SOUTH,FUTIAN,,,,15,32,0,16,10,0,2280,3,2,2
206,sz,LINE 9,HIGH-TECH SOUTH,LINE 9,NANYOU,LINE 9,-3,-3,,,,,,,,,17,46,0,17,58,0,720,1,2,2
207,sz,LINE 9,HIGH-TECH SOUTH,LINE 4,SHENZHEN NORTH STATION,LINE 9,LINE 4,-3,,,,SHANGMEILIN,,,,,16,47,0,17,34,0,2820,2,2,2
208,sz,LINE 7,CHAGUANG,LINE 5,UNIVERSITY TOWN,LINE 7,LINE 5,-3,,,,XILI,,,,,19,35,8,19,46,0,652,2,3,2
209,sz,LINE 5,TANGLANG,LINE 7,XILI LAKE,LINE 5,LINE 7,-3,,,,XILI,,,,,21,57,5,22,18,48,1303,2,3,2
210,sz,LINE 7,XILI LAKE,LINE 7,CHAGUANG,LINE 7,-3,-3,,,,,,,,,8,20,35,8,26,45,370,1,1,2
211,sz,LINE 7,XILI LAKE,LINE 7,CHAGUANG,LINE 7,-3,-3,,,,,,,,,15,46,4,15,55,15,551,1,1,2
212,sz,LINE 2 (LINE 8),SHEKOU PORT,LINE 7,XILI LAKE,LINE 2 (LINE 8),LINE 7,-3,,,,ANTUO HILL,,,,,20,42,36,21,39,12,3396,2,2,2
213,sz,LINE 1,GANGXIA,LINE 7,XILI LAKE,LINE 1,LINE 7,-3,,,,CHEGONGMIAO,,,,,21,37,17,22,24,50,2853,2,3,2
214,sz,LINE 7,XILI LAKE,LINE 1,GANGXIA,LINE 7,LINE 1,-3,,,,CHEGONGMIAO,,,,,17,25,46,18,8,37,2571,2,3,2
215,sz,LINE 2 (LINE 8),SEA WORLD,LINE 7,XILI LAKE,LINE 2 (LINE 8),LINE 7,-3,,,,ANTUO HILL,,,,,21,50,17,22,48,15,3478,2,3,2
216,sz,LINE 7,XILI LAKE,LINE 9,NANYOU WEST,LINE 7,LINE 5,LINE 9,,,,XILI,QIANWAN,,,,18,2,4,18,47,39,2735,3,2,2
217,sz,LINE 5,FANSHEN,LINE 7,XILI LAKE,LINE 5,LINE 7,-3,,,,XILI,,,,,23,11,15,23,44,31,1996,2,3,2
218,sz,LINE 5,TANGLANG,LINE 5,FANSHEN,LINE 5,-3,-3,,,,,,,,,18,51,51,19,15,49,1438,1,3,2
219,sz,LINE 9,NANYOU WEST,LINE 5,FANSHEN,LINE 9,LINE 5,-3,,,,QIANWAN,,,,,19,23,10,19,47,34,1464,2,3,2
220,sz,LINE 2 (LINE 8),JINGTIAN,LINE 3,YITIAN,LINE 2 (LINE 8),LINE 3,-3,,,,FUTIAN,,,,,19,34,15,19,54,0,1185,2,3,2
221,sz,LINE 1,SHENZHEN UNIVERSITY,LINE 5,FANSHEN,LINE 1,LINE 5,-3,,,,BAO'AN CENTER,,,,,19,15,26,19,41,16,1550,2,1,2
222,sz,LINE 5,FANSHEN,LINE 5,HONGLANG NORTH,LINE 5,-3,-3,,,,,,,,,18,18,31,19,18,13,3582,1,1,2
223,sz,LINE 1,SHOPPING PARK,LINE 1,XIN'AN,LINE 1,-3,-3,,,,,,,,,22,58,15,23,34,37,2182,1,1,2
224,sz,LINE 1,TAOYUAN,LINE 3,YITIAN,LINE 1,LINE 3,-3,,,,SHOPPING PARK,,,,,7,42,20,8,20,32,2292,2,2,2
225,sz,LINE 1,SHOPPING PARK,LINE 1,TAOYUAN,LINE 1,-3,-3,,,,,,,,,16,32,10,16,58,6,1556,1,1,2
226,sz,LINE 2 (LINE 8),YANNAN,LINE 2 (LINE 8),HUAQIANG NORTH,LINE 2 (LINE 8),-3,-3,,,,,,,,,18,1,21,18,5,18,237,1,1,2
227,sz,LINE 9,SHENZHEN UNIVERSITY SOUTH,LINE 5,SHANGSHUIJING,LINE 9,LINE 5,-3,,,,QIANWAN,,,,,19,58,51,21,10,25,4294,2,2,2
228,sz,LINE 7,CHIWEI,LINE 2 (LINE 8),SEA WORLD,LINE 7,LINE 2 (LINE 8),-3,,,,ANTUO HILL,,,,,18,55,37,19,52,23,3406,2,2,2
229,sz,LINE 4,FUMIN,LINE 1,SHENZHEN UNIVERSITY,LINE 4,LINE 1,-3,,,,CONVENTION & EXHIBITION CENTER,,,,,22,38,45,23,11,41,1976,2,2,2
230,sz,LINE 6,MEILINGUAN,LINE 9,XIASHA,LINE 6,LINE 9,-3,,,,YINHU,,,,,8,19,32,8,58,53,2361,2,3,2
231,sz,LINE 5,BAO'AN CENTER,LINE 5,SHANGSHUIJING,LINE 5,-3,-3,,,,,,,,,21,9,48,21,53,37,2629,1,3,2
232,sz,LINE 5,SHANGSHUIJING,LINE 1,GUSHU,LINE 5,LINE 1,-3,,,,BAO'AN CENTER,,,,,13,17,29,14,15,44,3495,2,1,2
233,sz,LINE 5,SHANGSHUIJING,LINE 5,XINGDONG,LINE 5,-3,-3,,,,,,,,,13,21,39,13,58,49,2230,1,3,2
234,sz,LINE 5,SHANGSHUIJING,LINE 9,XIASHA,LINE 5,LINE 7,LINE 9,,,,TAI'AN,HONGLING NORTH,,,,7,27,56,8,27,11,3555,3,2,2
235,sz,LINE 7,CHEGONGMIAO,LINE 7,XILI LAKE,LINE 7,-3,-3,,,,,,,,,20,2,44,20,33,1,1817,1,3,2
236,sz,LINE 1,CONVENTION & EXHIBITION CENTER,LINE 1,CHEGONGMIAO,LINE 1,-3,-3,,,,,,,,,19,20,56,19,34,44,828,1,1,2
237,sz,LINE 5,WUHE,LINE 5,SHANGSHUIJING,LINE 5,-3,-3,,,,,,,,,8,38,58,8,49,10,612,1,3,3
238,sz,LINE 5,UNIVERSITY TOWN,LINE 4,CHILDREN'S PALACE,LINE 5,LINE 4,-3,,,,SHENZHEN NORTH STATION,,,,,7,59,53,8,37,8,2235,2,3,3
239,sz,LINE 5,SHANGSHUIJING,LINE 5,WUHE,LINE 5,-3,-3,,,,,,,,,18,26,42,18,38,46,724,1,3,3
240,sz,LINE 1,GUOMAO,LINE 1,TAOYUAN,LINE 1,-3,-3,,,,,,,,,19,7,12,19,47,41,2429,1,1,2
241,sz,LINE 1,GUSHU,LINE 1,TAOYUAN,LINE 1,-3,-3,,,,,,,,,20,52,21,21,19,22,1621,1,1,2
242,sz,LINE 1,GUOMAO,LINE 1,TAOYUAN,LINE 1,-3,-3,,,,,,,,,21,28,8,22,10,25,2537,1,1,2
243,sz,LINE 1,HUAQIANG ROAD,LINE 1,LAOJIE,LINE 1,-3,-3,,,,,,,,,16,50,27,17,0,49,622,1,1,2
244,sz,LINE 1,LAOJIE,LINE 1,TAOYUAN,LINE 1,-3,-3,,,,,,,,,18,59,51,19,39,58,2407,1,1,2
245,sz,LINE 2 (LINE 8),SHUIWAN,LINE 1,TAOYUAN,LINE 2 (LINE 8),LINE 1,-3,,,,WINDOW OF THE WORLD,,,,,21,49,49,22,27,9,2240,2,3,2
246,sz,LINE 1,TAOYUAN,LINE 1,GUOMAO,LINE 1,-3,-3,,,,,,,,,16,29,15,17,10,42,2487,1,1,2
247,sz,LINE 1,TAOYUAN,LINE 1,HUAQIANG ROAD,LINE 1,-3,-3,,,,,,,,,15,16,6,15,57,41,2495,1,1,2
248,sz,LINE 2 (LINE 8),SEA WORLD,LINE 1,HI-TECH PARK,LINE 2 (LINE 8),LINE 1,-3,,,,WINDOW OF THE WORLD,,,,,20,18,26,20,50,41,1935,2,1,2
249,sz,LINE 1,BAO'AN CENTER,LINE 1,HI-TECH PARK,LINE 1,-3,-3,,,,,,,,,18,56,13,19,16,28,1215,1,1,2
250,sz,LINE 1,PINGZHOU,LINE 1,HI-TECH PARK,LINE 1,-3,-3,,,,,,,,,14,38,29,15,1,46,1397,1,1,2
251,sz,LINE 2 (LINE 8),WINDOW OF THE WORLD,LINE 5,UNIVERSITY TOWN,LINE 2 (LINE 8),LINE 7,LINE 5,,,,ANTUO HILL,XILI,,,,18,46,39,19,20,35,2036,3,3,2
252,sz,LINE 1,HI-TECH PARK,LINE 3,FUTIAN BONDED AREA,LINE 1,LINE 3,-3,,,,SHOPPING PARK,,,,,15,37,56,16,16,24,2308,2,3,2
253,sz,LINE 3,FUTIAN BONDED AREA,LINE 1,HI-TECH PARK,LINE 3,LINE 1,-3,,,,SHOPPING PARK,,,,,16,46,16,17,22,32,2176,2,3,2
254,sz,LINE 9,HIGH-TECH SOUTH,LINE 9,NANSHAN BOOK MALL,LINE 9,-3,-3,,,,,,,,,18,20,15,18,31,33,678,1,1,2
255,sz,LINE 2 (LINE 8),SEA WORLD,LINE 1,HI-TECH PARK,LINE 2 (LINE 8),LINE 1,-3,,,,WINDOW OF THE WORLD,,,,,16,29,33,17,1,44,1931,2,1,2
256,sz,LINE 1,SHENZHEN UNIVERSITY,LINE 1,TAOYUAN,LINE 1,-3,-3,,,,,,,,,18,53,0,19,1,11,491,1,1,2
257,sz,LINE 5,XILI,LINE 5,HONGLANG NORTH,LINE 5,-3,-3,,,,,,,,,8,21,41,8,32,59,678,1,3,3
258,sz,LINE 9,CHEGONGMIAO,LINE 6,YANGTAI MOUNTAIN EAST,LINE 9,LINE 6,-3,,,,YINHU,,,,,11,17,54,12,7,31,2977,2,3,2
259,sz,LINE 9,NANYOU,LINE 9,JINGTIAN,LINE 9,-3,-3,,,,,,,,,13,37,16,14,12,31,2115,1,1,3
260,sz,LINE 2 (LINE 8),JINGTIAN,LINE 2 (LINE 8),DENGLIANG,LINE 2 (LINE 8),-3,-3,,,,,,,,,16,14,7,16,43,51,1784,1,1,3
261,sz,LINE 2 (LINE 8),DENGLIANG,LINE 7,SHENYUN,LINE 2 (LINE 8),LINE 7,-3,,,,ANTUO HILL,,,,,17,28,51,18,1,34,1963,2,3,2
262,sz,LINE 7,SHENYUN,LINE 2 (LINE 8),QIAOCHENG NORTH,LINE 7,LINE 2 (LINE 8),-3,,,,ANTUO HILL,,,,,17,28,51,18,1,34,1963,2,3,2
263,sz,LINE 2 (LINE 8),QIAOCHENG NORTH,LINE 2 (LINE 8),DENGLIANG,LINE 2 (LINE 8),-3,-3,,,,,,,,,21,47,28,22,10,58,1410,1,3,2
264,sz,LINE 1,SHENZHEN UNIVERSITY,LINE 2 (LINE 8),JINGTIAN,LINE 1,LINE 2 (LINE 8),-3,,,,WINDOW OF THE WORLD,,,,,7,55,39,8,23,30,1671,2,3,2
265,sz,LINE 2 (LINE 8),JINGTIAN,LINE 1,HI-TECH PARK,LINE 2 (LINE 8),LINE 1,-3,,,,WINDOW OF THE WORLD,,,,,12,29,39,12,56,55,1636,2,3,2
266,sz,LINE 1,SHENZHEN UNIVERSITY,LINE 5,TANGLANG,LINE 1,LINE 5,-3,,,,BAO'AN CENTER,,,,,12,2,30,12,45,56,2606,2,3,2
267,sz,LINE 7,XILI LAKE,LINE 1,SHENZHEN UNIVERSITY,LINE 7,LINE 2 (LINE 8),LINE 1,,,,ANTUO HILL,WINDOW OF THE WORLD,,,,18,33,55,19,10,1,2166,3,3,2
268,sz,LINE 9,NANYOU,LINE 9,HIGH-TECH SOUTH,LINE 9,-3,-3,,,,,,,,,14,40,31,14,54,12,821,1,3,2
269,sz,LINE 9,HIGH-TECH SOUTH,LINE 9,NANYOU,LINE 9,-3,-3,,,,,,,,,17,10,33,17,22,22,709,1,1,2
270,sz,LINE 9,NANYOU,LINE 11,FUTIAN,LINE 9,LINE 11,-3,,,,HONGSHUWAN SOUTH,,,,,15,21,3,15,50,25,1762,2,3,2
271,sz,LINE 2 (LINE 8),DENGLIANG,LINE 2 (LINE 8),QIAOCHENG NORTH,LINE 2 (LINE 8),-3,-3,,,,,,,,,17,26,40,17,44,23,1063,1,1,2
272,sz,LINE 7,LONGJING,LINE 9,NANYOU,LINE 7,LINE 9,-3,,,,CHEGONGMIAO,,,,,21,21,13,22,3,9,2516,2,3,2
